{
  "datasets": {
    "CoRA": {
      "seal": {
        "runs": [
          {
            "best_epoch": 23,
            "val": {
              "AUC": 0.9266257271513426,
              "AP": 0.9465669180650065
            },
            "test": {
              "AUC": 0.9287351320456787,
              "AP": 0.9470516994447119
            },
            "notes": "1-hop DRNL-labeled subgraph classification with DGCNN, aligned to the SEAL paradigm.",
            "dataset": "CoRA",
            "model": "seal",
            "seed": 2,
            "graph": {
              "num_nodes": 11881,
              "num_edges": 31482,
              "num_features": 9568
            }
          },
          {
            "best_epoch": 39,
            "val": {
              "AUC": 0.9311121480086992,
              "AP": 0.9490318174948366
            },
            "test": {
              "AUC": 0.9287623775164724,
              "AP": 0.9473456254210335
            },
            "notes": "1-hop DRNL-labeled subgraph classification with DGCNN, aligned to the SEAL paradigm.",
            "dataset": "CoRA",
            "model": "seal",
            "seed": 3,
            "graph": {
              "num_nodes": 11881,
              "num_edges": 31482,
              "num_features": 9568
            }
          },
          {
            "best_epoch": 55,
            "val": {
              "AUC": 0.9322526232342916,
              "AP": 0.9496830030637118
            },
            "test": {
              "AUC": 0.9317414679294572,
              "AP": 0.9492846677097981
            },
            "notes": "1-hop DRNL-labeled subgraph classification with DGCNN, aligned to the SEAL paradigm.",
            "dataset": "CoRA",
            "model": "seal",
            "seed": 4,
            "graph": {
              "num_nodes": 11881,
              "num_edges": 31482,
              "num_features": 9568
            }
          },
          {
            "best_epoch": 23,
            "val": {
              "AUC": 0.92171750604244,
              "AP": 0.9390958688030522
            },
            "test": {
              "AUC": 0.9246459905161544,
              "AP": 0.943741050513702
            },
            "notes": "1-hop DRNL-labeled subgraph classification with DGCNN, aligned to the SEAL paradigm.",
            "dataset": "CoRA",
            "model": "seal",
            "seed": 5,
            "graph": {
              "num_nodes": 11881,
              "num_edges": 31482,
              "num_features": 9568
            }
          },
          {
            "best_epoch": 14,
            "val": {
              "AUC": 0.9316758265266747,
              "AP": 0.9491683002846025
            },
            "test": {
              "AUC": 0.932688348948688,
              "AP": 0.9497056569294204
            },
            "notes": "1-hop DRNL-labeled subgraph classification with DGCNN, aligned to the SEAL paradigm.",
            "dataset": "CoRA",
            "model": "seal",
            "seed": 6,
            "graph": {
              "num_nodes": 11881,
              "num_edges": 31482,
              "num_features": 9568
            }
          },
          {
            "best_epoch": 12,
            "val": {
              "AUC": 0.931078444352236,
              "AP": 0.9478820118434843
            },
            "test": {
              "AUC": 0.9287563229674073,
              "AP": 0.946959865817346
            },
            "notes": "1-hop DRNL-labeled subgraph classification with DGCNN, aligned to the SEAL paradigm.",
            "dataset": "CoRA",
            "model": "seal",
            "seed": 7,
            "graph": {
              "num_nodes": 11881,
              "num_edges": 31482,
              "num_features": 9568
            }
          },
          {
            "best_epoch": 16,
            "val": {
              "AUC": 0.9386670143323286,
              "AP": 0.9550099404853879
            },
            "test": {
              "AUC": 0.9269603418963493,
              "AP": 0.9456549549335249
            },
            "notes": "1-hop DRNL-labeled subgraph classification with DGCNN, aligned to the SEAL paradigm.",
            "dataset": "CoRA",
            "model": "seal",
            "seed": 8,
            "graph": {
              "num_nodes": 11881,
              "num_edges": 31482,
              "num_features": 9568
            }
          },
          {
            "best_epoch": 65,
            "val": {
              "AUC": 0.9337604077698431,
              "AP": 0.9513152708458086
            },
            "test": {
              "AUC": 0.9303459448244907,
              "AP": 0.9487590858936179
            },
            "notes": "1-hop DRNL-labeled subgraph classification with DGCNN, aligned to the SEAL paradigm.",
            "dataset": "CoRA",
            "model": "seal",
            "seed": 9,
            "graph": {
              "num_nodes": 11881,
              "num_edges": 31482,
              "num_features": 9568
            }
          },
          {
            "best_epoch": 25,
            "val": {
              "AUC": 0.9346005773617989,
              "AP": 0.9518982220156156
            },
            "test": {
              "AUC": 0.932000854902328,
              "AP": 0.9499846631390991
            },
            "notes": "1-hop DRNL-labeled subgraph classification with DGCNN, aligned to the SEAL paradigm.",
            "dataset": "CoRA",
            "model": "seal",
            "seed": 10,
            "graph": {
              "num_nodes": 11881,
              "num_edges": 31482,
              "num_features": 9568
            }
          },
          {
            "best_epoch": 6,
            "val": {
              "AUC": 0.925064864402319,
              "AP": 0.9453771109213096
            },
            "test": {
              "AUC": 0.9344356413543461,
              "AP": 0.9508010441348578
            },
            "notes": "1-hop DRNL-labeled subgraph classification with DGCNN, aligned to the SEAL paradigm.",
            "dataset": "CoRA",
            "model": "seal",
            "seed": 11,
            "graph": {
              "num_nodes": 11881,
              "num_edges": 31482,
              "num_features": 9568
            }
          }
        ],
        "test_auc": {
          "mean": 0.9299072422901373,
          "std": 0.002766860584366256
        },
        "test_ap": {
          "mean": 0.9479288313937111,
          "std": 0.0020716462206804486
        },
        "best_epoch": {
          "mean": 27.8,
          "std": 18.323755073674175
        },
        "val_auc": {
          "mean": 0.9306555139181973,
          "std": 0.004698401210025389
        },
        "val_ap": {
          "mean": 0.9485028463822814,
          "std": 0.004077875588713002
        },
        "notes": "1-hop DRNL-labeled subgraph classification with DGCNN, aligned to the SEAL paradigm."
      }
    }
  },
  "args": {
    "datasets": "CoRA",
    "models": "seal",
    "root": "datasets",
    "runs": 2,
    "seed": 10,
    "epochs": 401,
    "patience": 20,
    "device": "cuda:0",
    "hidden_channels": 64,
    "num_layers": 3,
    "dropout": 0.25,
    "lr": 0.001,
    "wd": 0.0005,
    "val_ratio": 0.05,
    "test_ratio": 0.1,
    "neg_sampling_ratio": 1.0,
    "normalize_features": false,
    "node2vec_dim": 64,
    "node2vec_epochs": 30,
    "node2vec_batch_size": 256,
    "supergat_lambda": 1.0,
    "seal_batch_size": 32,
    "seal_hidden_channels": 32,
    "seal_num_layers": 3,
    "bsal_batch_size": 32,
    "bsal_semantic_dim": 32,
    "knn_k": 10,
    "cache_dir": "results/paper_baseline_cache",
    "results_dir": "results/paper_baselines",
    "summary_name": "paper_baselines_seal_cora.json"
  },
  "device": "cuda:0",
  "sources": {
    "cn": {
      "implementation": "Closed-form heuristic implemented locally under the shared local protocol.",
      "source": "Classical common-neighbor heuristic; no external code dependency required."
    },