{
  "datasets": {
    "amz_Photo": {
      "seal": {
        "runs": [
          {
            "best_epoch": 37,
            "val": {
              "AUC": 0.9643177106440275,
              "AP": 0.9737740845049564
            },
            "test": {
              "AUC": 0.9630019859462284,
              "AP": 0.9729486456595368
            },
            "notes": "1-hop DRNL-labeled subgraph classification with DGCNN, aligned to the SEAL paradigm.",
            "dataset": "amz_Photo",
            "model": "seal",
            "seed": 2,
            "graph": {
              "num_nodes": 18333,
              "num_edges": 81894,
              "num_features": 6805
            }
          },
          {
            "best_epoch": 15,
            "val": {
              "AUC": 0.9677155125197813,
              "AP": 0.9763889820534006
            },
            "test": {
              "AUC": 0.9624213020510479,
              "AP": 0.9728347850076875
            },
            "notes": "1-hop DRNL-labeled subgraph classification with DGCNN, aligned to the SEAL paradigm.",
            "dataset": "amz_Photo",
            "model": "seal",
            "seed": 3,
            "graph": {
              "num_nodes": 18333,
              "num_edges": 81894,
              "num_features": 6805
            }
          },
          {
            "best_epoch": 7,
            "val": {
              "AUC": 0.9626574712621733,
              "AP": 0.972206105270089
            },
            "test": {
              "AUC": 0.9634467685900453,
              "AP": 0.973231514715581
            },
            "notes": "1-hop DRNL-labeled subgraph classification with DGCNN, aligned to the SEAL paradigm.",
            "dataset": "amz_Photo",
            "model": "seal",
            "seed": 4,
            "graph": {
              "num_nodes": 18333,
              "num_edges": 81894,
              "num_features": 6805
            }
          },
          {
            "best_epoch": 5,
            "val": {
              "AUC": 0.9613789849145951,
              "AP": 0.9727324455963289
            },
            "test": {
              "AUC": 0.9604824556308549,
              "AP": 0.9714632727995283
            },
            "notes": "1-hop DRNL-labeled subgraph classification with DGCNN, aligned to the SEAL paradigm.",
            "dataset": "amz_Photo",
            "model": "seal",
            "seed": 5,
            "graph": {
              "num_nodes": 18333,
              "num_edges": 81894,
              "num_features": 6805
            }
          },
          {
            "best_epoch": 25,
            "val": {
              "AUC": 0.9634380110872751,
              "AP": 0.9733652904194402
            },
            "test": {
              "AUC": 0.9616788817239488,
              "AP": 0.9723416573984581
            },
            "notes": "1-hop DRNL-labeled subgraph classification with DGCNN, aligned to the SEAL paradigm.",
            "dataset": "amz_Photo",
            "model": "seal",
            "seed": 6,
            "graph": {
              "num_nodes": 18333,
              "num_edges": 81894,
              "num_features": 6805
            }
          },
          {
            "best_epoch": 9,
            "val": {
              "AUC": 0.9627951732240563,
              "AP": 0.9728880157882537
            },
            "test": {
              "AUC": 0.9638705699357144,
              "AP": 0.9735544444194795
            },
            "notes": "1-hop DRNL-labeled subgraph classification with DGCNN, aligned to the SEAL paradigm.",
            "dataset": "amz_Photo",
            "model": "seal",
            "seed": 7,
            "graph": {
              "num_nodes": 18333,
              "num_edges": 81894,
              "num_features": 6805
            }
          },
          {
            "best_epoch": 2,
            "val": {
              "AUC": 0.9636687573340614,
              "AP": 0.973660765309928
            },
            "test": {
              "AUC": 0.9622776092372947,
              "AP": 0.9728761079533299
            },
            "notes": "1-hop DRNL-labeled subgraph classification with DGCNN, aligned to the SEAL paradigm.",
            "dataset": "amz_Photo",
            "model": "seal",
            "seed": 8,
            "graph": {
              "num_nodes": 18333,
              "num_edges": 81894,
              "num_features": 6805
            }
          },
          {
            "best_epoch": 8,
            "val": {
              "AUC": 0.9593186461582226,
              "AP": 0.9692061668769196
            },
            "test": {
              "AUC": 0.9623356694251681,
              "AP": 0.9724191145038328
            },
            "notes": "1-hop DRNL-labeled subgraph classification with DGCNN, aligned to the SEAL paradigm.",
            "dataset": "amz_Photo",
            "model": "seal",
            "seed": 9,
            "graph": {
              "num_nodes": 18333,
              "num_edges": 81894,
              "num_features": 6805
            }
          },
          {
            "best_epoch": 15,
            "val": {
              "AUC": 0.9598592218192457,
              "AP": 0.9709049758746885
            },
            "test": {
              "AUC": 0.9622701904769331,
              "AP": 0.9726086523308524
            },
            "notes": "1-hop DRNL-labeled subgraph classification with DGCNN, aligned to the SEAL paradigm.",
            "dataset": "amz_Photo",
            "model": "seal",
            "seed": 10,
            "graph": {
              "num_nodes": 18333,
              "num_edges": 81894,
              "num_features": 6805
            }
          },
          {
            "best_epoch": 13,
            "val": {
              "AUC": 0.9656276095058743,
              "AP": 0.9753229294585473
            },
            "test": {
              "AUC": 0.962856309825685,
              "AP": 0.9727219122102551
            },
            "notes": "1-hop DRNL-labeled subgraph classification with DGCNN, aligned to the SEAL paradigm.",
            "dataset": "amz_Photo",
            "model": "seal",
            "seed": 11,
            "graph": {
              "num_nodes": 18333,
              "num_edges": 81894,
              "num_features": 6805
            }
          }
        ],
        "test_auc": {
          "mean": 0.9624641742842922,
          "std": 0.0008956077798215306
        },
        "test_ap": {
          "mean": 0.9727000106998542,
          "std": 0.0005356504105556398
        },
        "best_epoch": {
          "mean": 13.6,
          "std": 9.93176721434811
        },
        "val_auc": {
          "mean": 0.9630777098469313,
          "std": 0.002401234615835309
        },
        "val_ap": {
          "mean": 0.9730449761152553,
          "std": 0.001937186551176217
        },
        "notes": "1-hop DRNL-labeled subgraph classification with DGCNN, aligned to the SEAL paradigm."
      }
    }
  },
  "args": {
    "datasets": "amz_Photo",
    "models": "seal",
    "root": "datasets",
    "runs": 2,
    "seed": 10,
    "epochs": 401,
    "patience": 20,
    "device": "cuda:0",
    "hidden_channels": 64,
    "num_layers": 3,
    "dropout": 0.25,
    "lr": 0.001,
    "wd": 0.0005,
    "val_ratio": 0.05,
    "test_ratio": 0.1,
    "neg_sampling_ratio": 1.0,
    "normalize_features": false,
    "node2vec_dim": 64,
    "node2vec_epochs": 30,
    "node2vec_batch_size": 256,
    "supergat_lambda": 1.0,
    "seal_batch_size": 32,
    "seal_hidden_channels": 32,
    "seal_num_layers": 3,
    "bsal_batch_size": 32,
    "bsal_semantic_dim": 32,
    "knn_k": 10,
    "cache_dir": "results/paper_baseline_cache",
    "results_dir": "results/paper_baselines",
    "summary_name": "paper_baselines_seal_amz_photo.json"
  },
  "device": "cuda:0",
  "sources": {
    "cn": {
      "implementation": "Closed-form heuristic implemented locally under the shared local protocol.",